FID,distance(m),nearest station
0,524.9919859,0
1,391.9626374,0
2,363.7777814,0
3,419.9800158,0
4,247.8160247,0
5,332.6547107,0
6,434.0396912,0
7,458.8994282,0
8,386.0465599,0
9,355.2252509,0
10,370.5303227,0
11,439.609757,0
12,365.3523142,0
13,368.7067512,0
14,389.2123145,0
15,404.2138789,0
16,360.8917719,0
17,446.2748119,0
18,387.5268031,0
19,357.14716,0
20,388.3658142,0
21,354.4479445,0
22,359.5742035,0
23,224.4656137,0
24,540.8147879,0
25,265.6447727,0
26,264.9743119,0
27,356.1265784,0
28,362.3009623,0
29,358.3078314,0
30,239.7707656,0
31,481.7481677,0
32,366.9870818,0
33,372.3974879,0
34,374.3518036,0
35,453.9738609,0
36,277.9616085,0
37,472.4143014,0
38,384.8446686,0
39,492.8541458,0
40,537.4292134,0
41,214.1510478,0
42,231.3005202,0
43,372.3815791,0
44,630.2856677,0
45,165.3090671,0
46,477.1904787,0
47,650.4807648,0
48,346.4347275,0
49,175.308279,0
50,366.4465934,0
51,278.894431,0
52,601.2710635,0
53,146.0678628,0
54,559.2480775,0
55,539.9174311,0
56,128.2161415,0
57,426.1186345,0
58,532.2434989,0
59,314.9408755,0
60,368.2511612,0
61,614.7841228,0
62,123.6910499,0
63,101.999809,0
64,376.8911787,0
65,294.7908969,0
66,82.31879432,0
67,393.405538,0
68,698.621594,0
69,296.9062204,0
70,298.5647927,0
71,570.7412385,0
72,869.4885186,0
73,333.4639199,0
74,82.84501539,0
75,369.168682,0
76,341.0649394,0
77,266.9943702,0
78,325.7095019,0
79,570.1703966,0
80,296.243878,0
81,555.1534611,0
82,568.9264188,0
83,650.840786,0
84,576.5485143,0
85,328.8347641,0
86,87.62912913,0
87,304.606148,0
88,822.57906,0
89,469.8878179,0
90,498.3448877,0
91,283.7237468,0
92,503.1122331,0
93,65.46599702,0
94,625.4749621,0
95,562.0700452,0
96,393.2584004,0
97,385.496277,0
98,233.9382199,0
99,510.796627,0
100,795.2735331,0
101,558.4212338,0
102,440.729616,0
103,94.55588149,0
104,625.0173896,0
105,605.6068719,0
106,365.6995265,0
107,594.9703428,0
108,70.61065743,0
109,643.5252282,0
110,272.2564237,0
111,406.247787,0
112,465.6379125,0
113,443.4445601,0
114,258.9289568,0
115,464.9448857,0
116,363.1312289,0
117,128.3802478,0
118,683.0967084,0
119,620.4064173,0
120,140.9261541,0
121,321.0741638,0
122,819.0725238,0
123,550.9515739,0
124,510.5371577,0
125,490.2954638,0
126,56.14781876,0
127,241.6962144,0
128,152.1274155,0
129,798.432513,1
130,371.1922697,0
131,406.8151137,0
132,267.2484395,0
133,871.3802802,1
134,604.2625106,0
135,723.6654296,0
136,209.7863928,0
137,403.2747547,0
138,236.7563546,0
139,422.938557,0
140,317.5838768,0
141,173.3385023,0
142,544.4967884,0
143,287.0991964,0
144,640.3548817,0
145,161.032197,0
146,596.1384074,0
147,246.4565447,0
148,204.5605561,0
149,293.1250974,0
150,618.0842458,0
151,525.0441875,0
152,528.7471375,0
153,557.962557,0
154,143.7326073,0
155,797.5830226,0
156,275.6479286,0
157,56.86083633,0
158,228.9718916,0
159,215.0709264,0
160,435.1488048,0
161,270.4314622,0
162,251.5153941,0
163,484.387825,0
164,495.4612365,0
165,280.8221511,0
166,268.6377613,0
167,630.2619635,0
168,353.590219,0
169,126.6522775,0
170,400.7943195,0
171,161.3888737,0
172,110.4524642,0
173,514.8707996,0
174,624.0439837,0
175,212.8397237,0
176,558.6254906,0
177,434.8168812,0
178,557.5916965,0
179,559.9072338,0
180,419.2835256,0
181,156.41451,0
182,440.9293996,0
183,354.531143,0
184,836.5820378,1
185,348.5265876,0
186,241.6677942,0
187,515.8140812,0
188,336.1238723,0
189,160.9789311,0
190,326.1345391,0
191,275.4734948,0
192,151.1334705,0
193,316.7716278,0
194,384.5366956,0
195,205.1932506,0
196,288.6210258,0
197,627.987537,0
198,336.5354054,0
199,406.8003379,0
200,654.1295277,0
201,635.5116131,0
202,372.9430686,0
203,364.8693622,0
204,467.1554038,0
205,287.8890128,0
206,251.7549318,0
207,521.812038,0
208,275.8618894,0
209,437.2054925,0
210,712.8916621,0
211,123.2223027,0
212,668.4885338,0
213,158.1719542,0
214,518.6073565,0
215,76.03808862,0
216,281.703424,0
217,487.8365306,0
218,542.0864373,0
219,153.9595596,0
220,108.3559305,0
221,167.1149023,0
222,38.98311755,0
223,93.83178639,0
224,271.7552919,0
225,79.30007511,0
226,298.0000602,0
227,619.4037801,0
228,633.6316262,0
229,115.9592288,0
230,404.3451925,0
231,280.4455397,0
232,280.231488,0
233,509.7826555,0
234,147.9196455,0
235,89.81579499,0
236,361.3743718,0
237,489.6751187,0
238,61.19362268,0
239,486.1126983,0
240,243.8934132,0
241,86.7671255,0
242,430.3040524,0
243,324.1733864,0
244,550.5885352,0
245,504.9070284,0
246,168.2534647,0
247,516.8296477,0
248,98.02528913,0
249,188.602799,0
250,661.6009097,0
251,151.7669186,0
252,222.9404245,0
253,63.46503224,0
254,295.5817769,0
255,453.6813647,0
256,546.7096598,0
257,275.4610444,0
258,318.8595526,0
259,275.553779,0
260,276.8658702,0
261,358.7751477,0
262,666.3435004,0
263,150.5740624,0
264,199.6436977,0
265,554.4691918,0
266,847.7868192,0
267,287.3114916,0
268,141.13433,0
269,410.9784303,0
270,225.7084164,0
271,529.5508238,0
272,318.2067002,0
273,600.1919966,0
274,562.828301,0
275,493.2626635,0
276,499.9624137,0
277,82.45607904,0
278,385.2390938,0
279,313.0284226,0
280,382.8436051,0
281,407.9147581,0
282,375.5219954,0
283,772.0337478,0
284,607.1089281,0
285,418.4057927,0
286,610.4542124,0
287,275.9937246,0
288,293.6361901,0
289,298.6170443,0
290,307.7051207,0
291,502.1990166,0
292,232.1147856,0
293,509.0863427,0
294,374.5793901,0
295,478.7662727,0
296,143.6877317,0
297,366.7520752,0
298,237.3651361,0
299,302.9926241,0
300,425.8143225,0
301,312.3835084,0
302,36.98327519,0
303,612.0702729,0
304,320.5936223,0
305,648.9171258,0
306,393.5526893,0
307,128.8258755,0
308,307.0720164,0
309,603.412713,0
310,453.7963563,0
311,488.5332571,0
312,116.8185436,0
313,328.6132721,0
314,345.1224269,0
315,273.4259067,0
316,70.76877935,0
317,555.288126,0
318,644.9774545,0
319,331.061244,0
320,262.25392,0
321,232.8383167,0
322,197.7051124,0
323,325.7603779,0
324,230.5280901,0
325,346.0658762,0
326,213.4177072,0
327,497.7529472,0
328,402.9569855,0
329,309.7055963,0
330,295.3083206,0
331,50.22621069,0
332,331.5413415,0
333,540.2922199,0
334,356.4547471,0
335,131.9907121,0
336,296.0181064,0
337,381.8130647,0
338,233.270097,0
339,219.8493605,0
340,585.5117703,0
341,358.0975853,0
342,314.8864733,0
343,51.82459213,0
344,557.5898839,0
345,556.3163825,0
346,323.1032549,0
347,237.199737,0
348,125.3648749,0
349,371.016714,0
350,196.3596922,0
351,343.6948977,0
352,138.0721037,0
353,220.6620655,0
354,256.2302853,0
355,324.3248455,0
356,434.9030296,0
357,510.3966989,0
358,449.6996441,0
359,553.1524908,0
360,280.5019674,0
361,237.9947874,0
362,558.2757113,0
363,367.2518683,0
364,492.1682815,0
365,310.7123498,0
366,232.2426159,0
367,277.4603329,0
368,570.7595228,0
369,550.0406511,0
370,474.9307156,0
371,523.4536826,0
372,207.5972716,0
373,283.021965,0
374,276.5699487,0
375,356.9885186,0
376,611.8139556,0
377,65.87873813,0
378,569.494704,0
379,511.4010146,0
380,147.395192,0
381,599.2839916,0
382,531.1198543,0
383,72.95642648,0
384,322.4947077,0
385,392.2761851,0
386,545.913917,0
387,270.1808359,0
388,580.5157133,0
389,387.9060923,0
390,630.9985657,0
391,185.8099346,0
392,298.0582318,0
393,204.3227132,0
394,564.4122863,0
395,84.12304941,0
396,649.6508508,0
397,152.6930234,0
398,401.0876965,0
399,49.65270916,0
400,167.9532813,0
401,534.9803334,0
402,431.9072842,0
403,314.6633688,0
404,116.8344357,0
405,196.702997,0
406,418.6762484,0
407,274.2873045,0
408,371.1884667,0
409,259.1517543,0
410,226.7334875,0
411,369.8780327,0
412,517.5652538,0
413,102.7259337,0
414,277.1916392,0
415,302.3824984,0
416,573.7450285,0
417,249.040476,0
418,495.0716792,0
419,493.8567421,0
420,77.34843474,0
421,203.2461326,0
422,397.0733375,0
423,545.1572824,0
424,255.9393077,0
425,479.9044892,0
426,378.0521954,0
427,180.700745,0
428,393.8823101,0
429,225.0537589,0
430,302.065746,0
431,447.2553828,0
432,237.9322185,0
433,529.4020082,0
434,507.1853264,0
435,586.8312148,0
436,451.5707509,0
437,368.5787785,0
438,175.9008978,0
439,207.1094035,0
440,410.2515935,0
441,180.3937658,0
442,344.0906207,0
443,229.1278089,0
444,452.2792805,0
445,666.3320384,0
446,539.1603128,0
447,471.6135851,0
448,55.118753,0
449,187.5371693,0
450,352.7513295,0
451,613.8146619,0
452,124.6959082,0
453,152.9645569,0
454,222.3559771,0
455,500.9659824,0
456,589.2746214,0
457,105.8022617,0
458,226.804169,0
459,232.8074728,0
460,133.476305,0
461,199.3851483,0
462,269.5990007,0
463,459.9209822,0
464,171.569377,0
465,626.3607597,0
466,370.9384499,0
467,128.9965279,0
468,271.3056665,0
469,157.0942348,0
470,162.1859021,0
471,144.4482421,0
472,525.161188,0
473,190.0061486,0
474,362.7400288,0
475,512.7934096,0
476,477.8107388,0
477,140.1033794,0
478,642.3112198,0
479,185.100225,0
480,167.3907054,0
481,230.8662462,0
482,289.3111205,0
483,539.6203227,0
484,399.3546479,0
485,195.1429597,0
486,102.6130691,0
487,463.0868846,0
488,357.0249492,0
489,754.5821516,1
490,245.316106,0
491,521.3524868,0
492,285.0921283,0
493,286.1558339,0
494,248.6259064,0
495,301.4854951,0
496,498.9619937,0
497,243.591147,0
498,378.1670696,0
499,273.4420224,0
500,382.8400227,0
501,288.9883847,0
502,633.6478114,0
503,271.1791882,0
504,133.8039776,0
505,189.1587573,0
506,225.6700924,0
507,261.8562365,0
508,629.0982166,0
509,254.0316269,0
510,297.899113,0
511,334.6531011,0
512,231.5708545,0
513,358.4692431,0
514,406.1180626,0
515,519.9979815,0
516,119.0415871,0
517,389.0819704,0
518,600.0957493,0
519,380.9077105,0
520,216.982237,0
521,308.4657885,0
522,573.5062509,0
523,472.450055,0
524,661.8050799,0
525,281.367966,0
526,265.8769693,0
527,217.1492201,0
528,341.8288316,0
529,52.23530038,0
530,448.0755017,0
531,167.5571895,0
532,331.6696867,0
533,602.1927961,0
534,549.5154536,0
535,315.5350749,0
536,163.5753847,0
537,570.8276874,0
538,110.4159421,0
539,530.5765452,0
540,90.77421274,0
541,396.7357987,0
542,179.3461871,0
543,148.7522855,0
544,92.72674959,0
545,488.329427,0
546,146.3280333,0
547,367.3020914,0
548,118.5553796,0
549,178.0072269,0
550,364.0035324,0
551,153.3246124,0
552,88.8847559,0
553,200.0834736,0
554,564.1426593,0
555,265.3965762,0
556,781.7204649,1
557,81.99655329,0
558,359.6832628,0
559,551.5849874,0
560,318.2837677,0
561,144.3412662,0
562,508.5466973,0
563,209.9786789,0
564,528.6214306,0
565,400.7090343,0
566,183.6972528,0
567,230.6727425,0
568,293.2943435,0
569,151.3196551,0
570,491.5384105,0
571,562.064211,0
572,85.02870741,0
573,669.1055069,0
574,628.8173416,0
575,376.7775443,0
576,837.9077706,1
577,28.80864123,0
578,464.5218273,0
579,513.2366805,0
580,92.52797708,0
581,445.5450695,0
582,598.0367887,0
583,391.3287314,0
584,134.2191741,0
585,290.5237559,0
586,154.0722795,0
587,389.789154,0
588,140.18764,0
589,588.0427246,0
590,225.8087649,0
591,559.6045353,0
592,229.2505709,0
593,269.15293,0
594,401.8236147,0
595,168.2117909,0
596,125.5225175,0
597,749.1956205,0
598,355.9650194,0
599,175.0810389,0
600,810.7767746,1
601,725.2166869,0
602,227.4609532,0
603,312.1558201,0
604,243.5494631,0
605,180.4571393,0
606,424.4674506,0
607,150.4373072,0
608,185.5192268,0
609,702.0763752,0
610,445.6968788,0
611,454.6449424,0
612,541.9131179,0
613,246.417308,0
614,278.6377073,0
615,378.725726,0
616,407.4169471,0
617,355.133045,0
618,455.049148,0
619,385.974518,0
620,509.9276394,0
621,520.007661,0
622,239.2815029,0
623,143.7002106,0
624,551.8277709,0
625,162.7510288,0
626,365.7786388,0
627,533.2305995,0
628,285.2474659,0
629,530.573425,0
630,320.4033371,0
631,704.8195953,0
632,513.5607975,0
633,332.797418,0
634,444.4942121,0
635,382.6653309,0
636,638.4940863,0
637,635.0300684,0
638,111.2162809,0
639,210.1915753,0
640,291.000187,0
641,481.9311818,0
642,237.9829741,0
643,147.0775111,0
644,325.8084677,0
645,234.8377443,0
646,569.4159772,0
647,748.7869447,0
648,363.4482538,0
649,215.6699579,0
650,457.9282657,0
651,147.2002997,0
652,481.4744771,0
653,169.9189302,0
654,432.937404,0
655,160.4545945,0
656,382.4065154,0
657,482.4960253,0
658,155.1145058,0
659,218.7241503,0
660,564.870073,0
661,79.6145284,0
662,398.2113245,0
663,427.1504508,0
664,164.7879732,0
665,221.6612541,0
666,449.7033459,0
667,141.1074935,0
668,496.5009278,0
669,41.8297585,0
670,599.6690552,0
671,154.5981161,0
672,197.7481692,0
673,526.1709234,0
674,206.3330397,0
675,168.0689963,0
676,514.0009403,0
677,409.0017934,0
678,518.5094297,0
679,298.4446005,0
680,521.7741102,0
681,409.3644902,0
682,283.0622014,0
683,541.038196,0
684,416.0226444,0
685,283.4744013,0
686,266.8152922,0
687,323.2371767,0
688,216.9867218,0
689,274.5605599,0
690,429.7896682,0
691,515.1996032,0
692,302.114461,0
693,152.4630842,0
694,568.6811477,0
695,126.8442988,0
696,515.0371631,0
697,309.6921927,0
698,241.5285633,0
699,266.772967,0
700,773.1225324,0
701,221.2994953,0
702,292.5559182,0
703,548.6851573,0
704,480.2265013,0
705,632.782429,0
706,843.4537986,0
707,148.7507267,0
708,188.6674492,0
709,171.7145319,0
710,265.8736826,0
711,136.5858155,0
712,475.6384953,0
713,156.4187128,0
714,140.3584593,0
715,78.49254427,0
716,365.0505381,0
717,117.9120575,0
718,486.9438068,0
719,751.1607399,0
720,521.8976768,0
721,222.8378388,0
722,346.5024586,0
723,499.0390874,0
724,517.6966839,0
725,126.5267236,0
726,555.743692,0
727,566.854592,0
728,100.0413128,0
729,191.6163872,0
730,477.126314,0
731,189.343729,0
732,605.3941962,0
733,106.9098123,0
734,161.1656323,0
735,192.60912,0
736,636.1668606,0
737,185.1930974,0
738,341.836163,0
739,104.7282065,0
740,419.2894789,0
741,273.3253279,0
742,635.8838196,0
743,486.0242785,0
744,573.6670936,0
745,347.4259493,0
746,360.1129792,0
747,660.361193,0
748,463.5243802,0
749,313.4409779,0
750,305.3463851,0
751,155.9502999,0
752,124.0472879,0
753,147.9814689,0
754,429.5384399,0
755,238.7243729,0
756,171.3375818,0
757,441.4906409,0
758,532.9808186,0
759,648.7069044,0
760,419.5737317,0
761,597.3515388,0
762,493.886661,0
763,200.8583788,0
764,718.730863,0
765,441.729111,0
766,195.748267,0
767,71.12643045,0
768,758.6468931,0
769,536.5757414,0
770,205.6968768,0
771,487.035473,0
772,509.8181312,0
773,210.5109888,0
774,729.0933266,0
775,746.0626438,0
776,814.8489968,0
777,759.2195729,0
778,785.4139841,0
779,858.6725522,0
780,772.3988412,0
781,829.1561103,0
782,843.1915935,0
783,800.5691853,0
784,735.5466308,0
785,617.3925671,0
786,287.2615321,0
787,344.429313,0
788,284.126598,1
789,521.0576193,0
790,474.5484074,1
791,441.4144607,0
792,194.9740286,1
793,144.4478846,1
794,490.0702005,0
795,411.8551265,0
796,396.4120185,0
797,534.6846537,0
798,387.3981214,1
799,225.7071323,1
800,352.0187894,1
801,555.5546681,0
802,309.8665225,1
803,408.995204,1
804,572.7690598,0
805,436.0328952,1
806,461.2563436,1
807,478.3572244,0
808,395.9570005,0
809,300.7585897,1
810,470.6161122,0
811,418.6948257,1
812,339.8242534,1
813,551.2085883,1
814,389.049914,0
815,533.0659099,0
816,518.1555661,1
817,492.9932035,0
818,277.3952947,1
819,369.7112632,1
820,276.4591616,1
821,445.0349096,0
822,280.8167383,1
823,210.1945283,1
824,376.0930129,1
825,386.215826,1
826,400.3974665,1
827,138.2569728,1
828,345.1321257,0
829,397.8489465,0
830,487.5483435,0
831,354.6813097,0
832,388.7206145,1
833,374.7622128,0
834,233.6852915,1
835,559.4519403,1
836,540.2550834,0
837,387.8479005,1
838,356.4864865,0
839,240.7119515,1
840,516.3210654,0
841,153.7464792,1
842,560.5475756,0
843,524.8809287,1
844,394.7177008,0
845,199.410342,1
846,425.0056177,1
847,433.3175822,1
848,200.2905717,1
849,466.4604089,1
850,417.5281583,0
851,528.7454129,0
852,309.3690559,1
853,184.0675127,1
854,550.1162894,0
855,461.6539811,1
856,440.2678068,0
857,435.2889326,1
858,564.3305471,0
859,266.3969358,1
860,553.1580291,0
861,467.0802987,1
862,467.3912995,0
863,516.335295,0
864,451.2785108,1
865,470.0305664,1
866,319.6104829,1
867,459.4529069,1
868,327.7169001,1
869,210.7808745,1
870,269.2735779,1
871,300.2920003,0
872,402.7380382,1
873,229.0539623,1
874,402.4930135,1
875,391.3641949,0
876,448.8087783,0
877,539.7370112,0
878,454.3723329,0
879,390.6947129,1
880,378.9278452,1
881,342.4169039,1
882,494.8548457,0
883,438.6664772,1
884,395.3456894,1
885,471.6486877,0
886,154.108581,1
887,515.8711827,0
888,359.0609291,1
889,430.1231252,0
890,324.1381668,1
891,230.3647267,1
892,421.7999458,0
893,438.5016206,0
894,385.5419604,0
895,356.0968473,1
896,499.9502821,0
897,549.0405438,0
898,355.9322339,1
899,418.8310335,1
900,483.665268,0
901,334.2562094,1
902,525.898106,0
903,565.8480787,0
904,406.1689841,0
905,373.9954199,0
906,384.8206439,1
907,435.1162326,1
908,232.4724054,1
909,337.9834248,1
910,389.1819625,1
911,273.7170714,1
912,464.4079881,1
913,279.0130117,1
914,354.0531587,0
915,264.3557278,1
916,521.8164567,0
917,277.5630089,1
918,489.0361884,0
919,179.9916593,1
920,254.5523524,1
921,556.2675368,1
922,273.3726168,1
923,357.5484064,1
924,469.1663218,0
925,566.7686039,0
926,455.0726335,0
927,285.6140555,1
928,484.098775,0
929,474.9531757,0
930,437.7053154,1
931,123.8208797,1
932,314.760853,1
933,529.0368218,1
934,352.1980956,1
935,359.1428773,1
936,558.2909431,0
937,466.6796241,1
938,357.4187155,1
939,372.1101755,1
940,437.6790563,0
941,294.7293185,1
942,248.3348021,1
943,447.8064255,0
944,435.1246768,0
945,145.7409737,1
946,515.2882238,0
947,435.6407809,0
948,544.8148691,1
949,306.1417232,1
950,115.7071773,1
951,532.6166966,1
952,452.0104054,0
953,283.1482117,1
954,390.1387574,0
955,363.6258632,1
956,476.5792444,0
957,452.9028714,0
958,293.1101547,1
959,229.8157217,1
960,393.8857967,1
961,554.2090282,0
962,603.4281709,1
963,316.0514439,1
964,429.0083006,1
965,216.68709,1
966,526.9070541,0
967,216.777613,1
968,461.4306167,0
969,472.8972433,0
970,389.8336734,1
971,377.7522417,1
972,318.4373012,1
973,399.9125946,0
974,350.5200829,0
975,450.6945064,0
976,485.3863837,0
977,312.7433142,1
978,547.8218979,1
979,224.9978952,1
980,220.8765208,1
981,202.4733706,1
982,382.0474364,1
983,501.9027523,0
984,340.0881368,0
985,195.0847923,1
986,279.3215406,1
987,202.2408413,1
988,374.939978,1
989,424.9444547,0
990,267.0241097,1
991,518.5870544,0
992,466.7384798,0
993,282.9620965,1
994,600.6738567,0
995,322.2687814,1
996,222.9791336,1
997,379.2052395,1
998,358.8470878,0
999,468.2998824,1
1000,516.670507,0
1001,269.8929047,1
1002,365.9869922,1
1003,356.4663722,0
1004,589.395068,1
1005,520.5095042,1
1006,590.2480011,0
1007,554.7523489,1
1008,519.6956723,0
1009,394.2043993,1
1010,226.5163607,1
1011,492.7348383,0
1012,464.3637604,1
1013,329.1724923,1
1014,398.1804208,1
1015,258.7149964,1
1016,190.2638788,1
1017,354.7642419,1
1018,480.919429,1
1019,519.5260938,1
1020,100.0759066,1
1021,431.3522062,1
1022,400.3174696,0
1023,178.0130946,1
1024,490.9803692,0
1025,436.4905621,1
1026,525.2057851,0
1027,455.1725164,0
1028,469.6943893,0
1029,407.8260082,1
1030,268.1127048,1
1031,468.6520919,1
1032,386.6241568,1
1033,524.2120039,0
1034,510.6037989,0
1035,108.191046,1
1036,265.1254363,1
1037,215.1774996,1
1038,437.8278017,1
1039,53.59063524,1
1040,489.5741116,1
1041,553.108272,0
1042,488.8132751,0
1043,473.1129609,0
1044,388.1409419,0
1045,236.3862234,1
1046,281.4144152,1
1047,487.177611,0
1048,199.6616064,1
1049,490.2529189,1
1050,543.5739418,0
1051,393.0226979,0
1052,154.7973752,1
1053,298.1282273,1
1054,342.1753557,0
1055,545.9473233,0
1056,434.2179983,1
1057,420.7181747,1
1058,460.6084248,0
1059,320.9897007,1
1060,394.1867566,0
1061,278.8429039,1
1062,419.5545129,0
1063,217.9560234,1
1064,327.0832291,0
1065,467.7696669,0
1066,320.3598029,1
1067,361.015728,1
1068,516.8004015,0
1069,514.455612,1
1070,60.61433805,1
1071,549.6419227,1
1072,495.3247549,0
1073,392.6511921,0
1074,469.3993283,0
1075,548.1732284,0
1076,373.1296272,0
1077,339.3029717,1
1078,464.1876894,0
1079,283.6831914,1
1080,463.8647504,0
1081,388.9597301,0
1082,308.0111335,1
1083,532.5955063,0
1084,439.3817821,0
1085,85.40902332,1
1086,439.3246544,1
1087,520.9269296,0
1088,577.2391383,0
1089,513.520915,1
1090,207.6731416,1
1091,435.1990812,0
1092,397.4092052,0
1093,163.6427888,1
1094,471.4040994,0
1095,554.0014219,1
1096,358.4917581,0
1097,391.9770072,1
1098,425.1831472,1
1099,188.0316096,1
1100,466.1830879,1
1101,247.304237,1
1102,275.6678605,1
1103,306.3973294,1
1104,468.6757922,0
1105,448.6092239,1
1106,523.3910203,0
1107,324.2227463,1
1108,433.5610924,1
1109,196.1764943,1
1110,377.4727194,0
1111,306.9859025,1
1112,243.8981062,1
1113,390.1233007,0
1114,472.1466154,1
1115,468.610676,1
1116,234.1625114,1
1117,250.8039757,1
1118,434.0950652,1
1119,365.4970646,0
1120,346.5030368,1
1121,301.6746877,1
1122,386.1958275,0
1123,522.5908886,0
1124,389.3854625,0
1125,219.0327009,1
1126,260.5486384,1
1127,478.2228729,0
1128,440.9257849,1
1129,306.9646067,1
1130,145.9103231,1
1131,431.5388432,1
1132,498.2740878,0
1133,547.358847,0
1134,457.4080739,1
1135,359.1939771,1
1136,204.5823873,1
1137,370.0397507,1
1138,402.0827127,0
1139,370.9945002,0
1140,275.7036906,1
1141,351.7977963,0
1142,530.6304924,0
1143,396.1250319,1
1144,308.1971085,1
1145,444.8382569,0
1146,478.2054234,0
1147,438.1500244,0
1148,480.8326424,0
1149,519.1180623,1
1150,559.1665408,0
1151,223.6601041,1
1152,197.2313485,1
1153,525.4493307,0
1154,190.2327992,1
1155,557.2901496,0
1156,291.5184908,1
1157,513.9590059,1
1158,205.0193528,1
1159,517.5859321,0
1160,442.6649052,1
1161,390.2507138,1
1162,392.0139596,1
1163,344.2197998,1
1164,578.86656,0
1165,438.9041462,0
1166,387.8959732,0
1167,307.6311589,0
1168,482.2051025,1
1169,156.2166125,1
1170,558.6163414,1
1171,259.6814129,1
1172,398.3151439,0
1173,369.1812761,0
1174,166.0142784,1
1175,275.3948052,1
1176,300.6612492,0
1177,160.1896389,1
1178,446.4771174,1
1179,385.9562266,0
1180,475.284072,1
1181,365.7526302,0
1182,556.1263193,0
1183,332.6267221,1
1184,400.3632835,0
1185,395.8159476,1
1186,286.1929712,1
1187,443.9585721,1
1188,441.7239239,0
1189,536.8943906,0
1190,178.2653312,1
1191,290.6423365,0
1192,134.8102184,1
1193,468.7062375,0
1194,307.9786656,1
1195,495.8381665,1
1196,149.7994136,1
1197,183.318153,1
1198,454.3437488,0
1199,355.984046,0
1200,468.2101261,1
1201,392.3449245,1
1202,211.5569377,1
1203,305.0202823,1
1204,416.2262389,1
1205,297.4037814,1
1206,523.6791309,0
1207,504.6336444,1
1208,515.8952433,0
1209,508.9588607,0
1210,513.8853452,1
1211,586.5325187,0
1212,477.4949861,0
1213,275.2014989,1
1214,113.2011817,1
1215,353.5614992,1
1216,457.5391671,0
1217,311.805087,1
1218,518.7161826,0
1219,467.0720306,1
1220,436.5909337,0
1221,196.3243341,1
1222,75.53401999,1
1223,517.4646991,0
1224,138.3328901,1
1225,527.0629498,0
1226,523.9396502,1
1227,585.1178032,0
1228,444.5238929,1
1229,475.4601519,1
1230,172.397133,1
1231,383.6294425,0
1232,534.9957914,0
1233,517.8571772,1
1234,559.7227148,1
1235,486.36523,0
1236,182.0925516,1
1237,470.7183217,0
1238,451.7205345,1
1239,318.5870934,1
1240,446.8593131,0
1241,477.7759251,1
1242,131.0056435,1
1243,360.8580558,1
1244,277.459437,1
1245,574.8073366,0
1246,491.3671513,0
1247,428.0738125,1
1248,434.4358428,0
1249,304.2923258,1
1250,471.0850381,0
1251,593.9734764,0
1252,434.6844682,1
1253,363.6521897,0
1254,441.9779494,1
1255,546.276362,0
1256,380.7385163,0
1257,274.1885883,1
1258,443.9390566,1
1259,344.8919021,1
1260,314.7698047,1
1261,611.0330513,1
1262,553.0170304,1
1263,392.8635274,0
1264,447.3845098,1
1265,292.6921047,1
1266,392.3706436,1
1267,443.298022,0
1268,67.828125,1
1269,355.7961493,1
1270,410.5931027,1
1271,530.9484787,0
1272,517.2549851,1
1273,522.2665731,0
1274,437.28236,1
1275,358.1591049,0
1276,323.7515033,1
1277,475.3906085,1
1278,315.8055145,1
1279,487.7989064,0
1280,172.0461378,1
1281,374.8570364,1
1282,334.1221669,0
1283,413.303473,1
1284,514.7362474,1
1285,264.5696867,1
1286,405.2219683,1
1287,316.4586317,1
1288,549.8823493,0
1289,289.2339895,1
1290,391.3137648,0
1291,582.8859305,0
1292,470.046903,0
1293,284.1688547,0
1294,364.0044486,1
1295,384.5098049,1
1296,371.4256797,1
1297,511.3342292,0
1298,435.3457086,1
1299,230.3830652,1
1300,318.528986,1
1301,149.5614548,1
1302,516.6875139,1
1303,481.2170025,0
1304,349.1882617,1
1305,472.7355603,1
1306,610.9563164,0
1307,385.5202145,1
1308,402.5803752,0
1309,390.902251,1
1310,122.1681986,1
1311,290.3301403,1
1312,319.8117935,0
1313,437.1319296,1
1314,397.9012319,1
1315,190.6685179,1
1316,139.1395011,1
1317,116.9554547,1
1318,179.2990566,1
1319,216.0941616,1
1320,126.8811707,1
1321,164.7091508,1
1322,155.2758559,1
1323,263.2736396,1
1324,73.93562288,1
1325,129.1518235,1
1326,268.0034834,1
1327,108.9466331,1
1328,247.0447032,1
1329,212.1621556,1
1330,170.6539357,1
1331,74.45838399,1
1332,154.0007179,1
1333,200.4908005,1
1334,214.5727684,1
1335,149.3796718,1
1336,277.2513052,1
1337,159.9119005,1
1338,182.7033174,1
1339,156.5858887,1
1340,280.2880082,1
1341,169.38274,1
1342,145.7569052,1
1343,120.3068346,1
1344,272.8332173,1
1345,194.3123668,1
1346,282.7859459,1
1347,177.5737648,1
1348,128.064932,1
1349,251.9282486,1
1350,195.2429758,1
1351,132.4577358,1
1352,106.4593623,1
1353,206.0070421,1
1354,110.9090632,1
1355,94.16907481,1
1356,466.7641284,1
1357,492.955935,1
1358,336.7753083,1
1359,505.8306602,1
1360,537.5559812,1
1361,561.9492346,1
1362,395.05827,1
1363,654.1772859,1
1364,240.7133011,1
1365,532.5159343,1
1366,406.3308396,1
1367,527.380129,1
1368,523.0337368,1
1369,219.2514601,1
1370,362.4267194,1
1371,130.503527,1
1372,378.9972388,1
1373,306.5184746,1
1374,622.7492479,1
1375,269.799932,1
1376,520.8387208,1
1377,497.7927535,1
1378,121.7946876,1
1379,346.7190666,1
1380,710.861753,1
1381,456.2855259,1
1382,443.2583587,1
1383,389.1822466,1
1384,637.357064,1
1385,285.1779828,1
1386,100.7663423,1
1387,429.8152818,1
1388,107.0039423,1
1389,584.8965769,1
1390,749.0034621,1
1391,474.6794833,1
1392,619.4056153,1
1393,392.8741732,1
1394,415.5498268,1
1395,213.0073862,1
1396,345.0688824,1
1397,649.2418156,1
1398,653.8873196,1
1399,184.2098805,1
1400,617.9812161,1
1401,57.14516709,1
1402,191.2804509,1
1403,333.5430905,1
1404,520.1317012,1
1405,163.6517066,1
1406,418.5800548,1
1407,661.7165276,1
1408,417.9211842,1
1409,510.8612647,1
1410,422.0971844,1
1411,119.731369,1
1412,370.8299856,1
1413,806.8991279,1
1414,328.2252239,1
1415,494.6327904,1
1416,625.3902286,1
1417,618.7024814,1
1418,638.6865044,1
1419,385.934263,1
1420,258.410983,1
1421,182.4568868,1
1422,184.5974265,1
1423,52.05446263,1
1424,553.2807885,1
1425,205.3639761,1
1426,538.6029531,1
1427,621.1960773,1
1428,357.4918763,1
1429,585.9826363,1
1430,531.1044229,1
1431,339.2519881,1
1432,634.9707385,1
1433,543.2336825,1
1434,414.4106291,1
1435,477.1546571,1
1436,527.2305661,1
1437,270.9342589,1
1438,569.9190963,1
1439,589.581106,1
1440,568.5905161,1
1441,113.0778264,1
1442,395.1267805,1
1443,330.7957797,1
1444,366.5567908,1
1445,632.224905,1
1446,444.7624132,1
1447,448.9513524,1
1448,636.4144084,1
1449,305.6302331,1
1450,459.5977171,1
1451,554.0891105,1
1452,343.4307034,1
1453,668.9441769,1
1454,392.5349932,1
1455,400.9385158,1
1456,401.0869598,1
1457,143.6271132,1
1458,449.8860244,1
1459,516.8181646,1
1460,532.0559033,1
1461,346.7378237,1
1462,514.7541288,1
1463,475.4440878,1
1464,544.7526287,1
1465,546.3783986,1
1466,558.6412527,1
1467,637.9814185,1
1468,494.9594963,1
1469,382.5401416,1
1470,656.5522595,1
1471,582.6803545,1
1472,132.6934297,1
1473,526.8315539,1
1474,162.9612891,1
1475,725.6634795,1
1476,356.4213309,1
1477,364.1596915,1
1478,339.6233567,1
1479,556.9929599,1
1480,480.8154605,1
1481,523.3389918,1
1482,514.6168042,1
1483,433.9610385,1
1484,700.2421321,1
1485,645.8848179,1
1486,524.2370427,1
1487,210.9437673,1
1488,612.3333876,1
1489,343.6371183,1
1490,622.5920561,0
1491,215.3600964,1
1492,692.3032399,1
1493,597.9237384,0
1494,559.7956276,1
1495,633.6080112,1
1496,425.0738709,1
1497,557.4573669,1
1498,213.0939644,1
1499,461.7047486,1
1500,559.7320643,1
1501,601.5270239,1
1502,620.8682625,1
1503,236.1739991,1
1504,516.1236946,1
1505,560.4029833,1
1506,178.5182039,1
1507,422.43442,1
1508,472.3763968,1
1509,653.5319807,1
1510,156.751375,1
1511,466.188061,1
1512,631.890815,1
1513,288.2874051,1
1514,435.4042062,1
1515,420.409714,1
1516,36.36279987,1
1517,67.56888772,1
1518,62.65347045,1
1519,595.4974017,1
1520,613.6776193,1
1521,86.05662088,1
1522,437.6025859,1
1523,326.2416059,1
1524,517.041997,1
1525,208.4889372,1
1526,579.1632456,1
1527,209.7458068,1
1528,367.3394078,1
1529,601.814621,1
1530,328.367577,1
1531,488.1148838,1
1532,356.7623131,1
1533,333.8491978,1
1534,658.0650736,1
1535,412.0932472,1
1536,631.9500025,1
1537,524.1805547,1
1538,315.9895384,1
1539,640.5998145,1
1540,713.7472693,1
1541,606.2788248,1
1542,313.6458392,1
1543,215.6638124,1
1544,635.0860541,1
1545,627.8791827,1
1546,643.1188289,1
1547,578.1752163,1
1548,384.092805,1
1549,387.3448058,1
1550,203.1247026,1
1551,414.0438932,1
1552,601.3233736,1
1553,89.35782003,1
1554,357.3280064,1
1555,306.1280922,1
1556,665.2022664,1
1557,597.1924156,1
1558,333.1634173,1
1559,536.2447231,1
1560,759.379023,1
1561,435.7162708,1
1562,539.0522027,1
1563,680.3221036,1
1564,312.5699668,1
1565,443.698204,1
1566,436.5116988,1
1567,491.5739992,1
1568,797.8969952,1
1569,117.7734692,1
1570,495.9871573,1
1571,667.4418244,1
1572,275.8270044,1
1573,474.2847029,1
1574,329.411072,1
1575,247.1953663,1
1576,644.9446196,1
1577,643.7068518,1
1578,328.7206248,1
1579,537.845718,1
1580,375.8838823,1
1581,591.4106226,1
1582,686.0307409,1
1583,155.1593521,1
1584,554.4379434,1
1585,371.4889781,1
1586,607.3259917,1
1587,582.7871762,1
1588,223.9162583,1
1589,618.0803385,1
1590,561.8113706,1
1591,528.3072419,1
1592,284.8178931,1
1593,245.2132996,1
1594,413.9845517,1
1595,479.3928861,1
1596,369.9014651,1
1597,521.7203648,1
1598,404.7256271,1
1599,125.767213,1
1600,151.569194,1
1601,197.8008125,1
1602,297.9231588,1
1603,625.8193123,1
1604,764.4941808,1
1605,362.3844622,1
1606,606.4297225,1
1607,423.8263367,1
1608,398.7861453,1
1609,331.4800118,1
1610,675.3134349,1
1611,728.7754403,1
1612,519.474692,1
1613,351.9961086,1
1614,518.8494052,1
1615,230.7089989,1
1616,609.9942122,0
1617,639.6402809,1
1618,514.3856896,1
1619,460.0284541,1
1620,584.9459015,1
1621,177.1102278,1
1622,762.1658142,1
1623,575.2359278,1
1624,437.7843174,1
1625,77.92488865,1
1626,502.7641219,1
1627,263.1800005,1
1628,688.0551753,1
1629,655.3492398,1
1630,364.38496,1
1631,439.1387121,1
1632,669.0223361,1
1633,618.2755437,0
1634,639.0281462,1
1635,215.9449954,1
1636,582.397237,1
1637,243.8667476,1
1638,442.2731095,1
1639,657.437092,1
1640,528.1273279,1
1641,639.7836451,1
1642,403.2890294,1
1643,473.871036,1
1644,383.500151,1
1645,374.9496517,1
1646,750.6426811,1
1647,411.1391461,1
1648,288.6117584,1
1649,223.188304,1
1650,375.5798062,1
1651,507.90103,1
1652,433.5938673,1
1653,590.6077651,1
1654,665.1215146,1
1655,324.7904939,1
1656,617.5916625,1
1657,590.1158154,1
1658,347.3778759,1
1659,559.702634,1
1660,538.1595916,1
1661,604.7451746,1
1662,682.645694,0
1663,644.8914521,1
1664,650.1374566,1
1665,740.752823,1
1666,380.0847021,1
1667,431.7951328,1
1668,423.5069532,1
1669,376.479983,1
1670,799.001132,1
1671,613.6839573,1
1672,467.5742557,1
1673,574.0715561,1
1674,361.8693508,1
1675,414.0016153,1
1676,260.9542184,1
1677,652.6637597,1
1678,217.9625266,1
1679,640.739935,1
1680,517.8962688,1
1681,253.1033425,1
1682,411.8634859,1
1683,575.2728101,1
1684,144.7029511,1
1685,609.8022394,1
1686,640.1408899,1
1687,662.7071596,1
1688,283.8733268,1
1689,599.4098167,1
1690,564.9572933,1
1691,498.1510907,1
1692,624.0033804,1
1693,388.2337937,1
1694,569.0342686,1
1695,137.4502445,1
1696,520.4551294,1
1697,559.9614769,1
1698,564.4358888,1
1699,595.8195278,1
1700,596.5017897,1
1701,192.4539281,1
1702,585.3032972,1
1703,697.3261961,1
1704,350.6955572,1
1705,291.3937007,1
1706,476.9771611,1
1707,422.7459134,1
1708,580.5948964,1
1709,504.9448147,1
1710,198.7395261,1
1711,298.4613131,1
1712,136.5560287,1
1713,571.0508406,1
1714,479.5325546,1
1715,485.4360798,1
1716,634.7771957,0
1717,204.1107584,1
1718,550.1160248,1
1719,588.3074627,1
1720,689.9396196,1
1721,461.7626247,1
1722,552.2889778,1
1723,233.9677364,1
1724,598.8581665,1
1725,278.2688298,1
1726,441.6295157,1
1727,474.6414655,1
1728,417.2792888,1
1729,598.5484659,1
1730,510.4976264,1
1731,466.0120463,1
1732,206.0906202,1
1733,547.6691434,1
1734,586.6487136,1
1735,582.783101,1
1736,626.1867634,1
1737,712.0852635,1
1738,531.8005763,1
1739,576.5191032,1
1740,666.9249378,1
1741,473.7099257,1
1742,334.5128906,1
1743,601.9201879,0
1744,722.7023241,1
1745,592.9617367,1
1746,210.9234457,1
1747,569.9506717,1
1748,266.5475504,1
1749,332.2830769,1
1750,197.794058,1
1751,261.5148968,1
1752,299.1712024,1
1753,753.2723099,1
1754,126.5058986,1
1755,810.405954,1
1756,615.6683034,1
1757,197.3823473,1
1758,388.8802821,1
1759,536.2209828,1
1760,343.5814164,1
1761,398.3125196,1
1762,154.639247,1
1763,579.130319,1
1764,250.7543684,1
1765,378.9151168,1
1766,341.1775472,1
1767,31.78446146,1
1768,615.7528309,1
1769,554.6116288,1
1770,552.6714494,1
1771,660.3552445,1
1772,381.1992837,1
1773,411.6947075,1
1774,435.2238401,1
1775,550.1319171,1
1776,399.3578919,1
1777,523.0615269,1
1778,236.3422861,1
1779,671.8200362,1
1780,750.3868347,1
1781,605.9348711,0
1782,389.3178134,1
1783,591.9269599,1
1784,567.1721863,1
1785,564.1746657,1
1786,453.8082655,1
1787,428.1196559,1
1788,547.1044005,1
1789,475.0479563,1
1790,406.3161211,1
1791,544.1945783,1
1792,692.7248134,1
1793,597.1443962,1
1794,478.313029,1
1795,393.8053789,1
1796,456.0689091,1
1797,273.0840839,1
1798,537.7048428,1
1799,545.1726952,1
1800,371.4827645,1
1801,591.3209492,1
1802,107.4101061,1
1803,673.1512703,1
1804,513.7738984,1
1805,637.9719438,1
1806,366.9583319,1
1807,264.4106569,1
1808,653.4189042,1
1809,545.4489546,1
1810,293.9100622,1
1811,618.6080775,1
1812,493.8487216,1
1813,278.9474423,1
1814,643.21072,1
1815,478.7762754,1
1816,509.9672723,1
1817,642.2618556,1
1818,425.5088793,1
1819,571.0862694,1
1820,475.6525923,1
1821,469.6946149,1
1822,275.3777048,1
1823,567.3507536,1
1824,429.8815813,1
1825,527.0104803,1
1826,209.0700927,1
1827,427.6968846,1
1828,161.1191919,1
1829,483.4663104,1
1830,715.8722169,1
1831,424.4323654,1
1832,603.8926157,1
1833,433.6975215,1
1834,435.6741328,1
1835,473.9701743,1
1836,466.3652101,1
1837,375.7276613,1
1838,262.5554922,1
1839,731.7979365,1
1840,40.10794684,1
1841,315.5751204,1
1842,441.2443077,1
1843,291.713405,1
1844,561.555872,1
1845,567.3710006,1
1846,78.14942362,1
1847,611.6121765,1
1848,121.4554749,1
1849,298.8879101,1
1850,357.1712917,1
1851,113.3753938,1
1852,444.7812291,1
1853,786.817549,1
1854,351.2681706,1
1855,94.81059517,1
1856,400.6891418,1
1857,149.9162187,1
1858,426.484018,1
1859,199.7894165,1
1860,388.780088,1
1861,542.8511634,1
1862,219.1815547,1
1863,146.1595737,1
1864,745.0796339,1
1865,641.3283215,1
1866,499.4535742,1
1867,631.9774376,1
1868,130.78272,1
1869,356.5224977,1
1870,423.4098174,1
1871,674.393358,1
1872,646.7226042,1
1873,249.0744223,1
1874,610.6519706,1
1875,523.5904762,1
1876,100.9071378,1
1877,462.7767238,1
1878,324.1947108,1
1879,431.3631516,1
1880,422.7676023,1
1881,542.3999332,1
1882,799.7645417,1
1883,412.1611558,1
1884,540.7939378,1
1885,654.2970205,1
1886,543.6552404,1
1887,547.4289613,1
1888,658.2292029,1
1889,643.7506713,1
1890,148.8783491,1
1891,205.0035239,1
1892,546.5620034,1
1893,427.4922157,1
1894,605.4520158,1
1895,660.3739653,1
1896,49.51724516,1
1897,512.8120127,1
1898,520.7112257,1
1899,581.2068918,1
1900,585.9318353,1
1901,517.0981161,1
1902,303.0939812,1
1903,450.4746127,1
1904,575.6965205,1
1905,214.4530485,1
1906,316.9316703,1
1907,510.2928791,1
1908,583.9195436,1
1909,395.940562,1
1910,146.6500359,1
1911,345.0605297,1
1912,473.3233735,1
1913,210.5791368,1
1914,340.2195864,1
1915,429.8091337,1
1916,227.0297733,1
1917,529.6277111,1
1918,292.2110331,1
1919,580.9498333,1
1920,341.6447766,1
1921,345.851447,1
1922,703.3967227,1
1923,552.6505203,1
1924,501.1392097,1
1925,628.2465923,1
1926,174.9397268,1
1927,491.566667,1
1928,626.7368326,1
1929,746.943118,1
1930,554.9514134,1
1931,769.7805132,1
1932,638.5646966,1
1933,700.4694284,1
1934,447.5671703,1
1935,282.5293243,1
1936,565.6404681,1
1937,351.1960656,1
1938,338.7026019,1
1939,655.9013322,1
1940,346.9074251,1
1941,549.0679822,1
1942,199.9442167,1
1943,738.4549074,1
1944,654.5901229,1
1945,295.6168469,1
1946,591.7410618,1
1947,160.7518401,1
1948,65.59163162,1
1949,72.46102514,1
1950,350.7854259,1
1951,446.2201783,1
1952,175.0269397,1
1953,282.0323441,1
1954,656.8289959,0
1955,679.6805292,1
1956,632.8630139,1
1957,384.6937261,1
1958,140.1001325,1
1959,597.4470571,1
1960,362.5399224,1
1961,716.2391754,1
1962,642.7668949,1
1963,543.4477945,1
1964,647.7005105,1
1965,694.5853272,1
1966,389.6629546,1
1967,73.24618448,1
1968,581.5926693,1
1969,321.1327772,1
1970,656.4423422,1
1971,505.6213107,1
1972,557.9440017,1
1973,604.8882239,1
1974,169.9812684,1
1975,320.0540985,1
1976,600.9372576,1
1977,476.158578,1
1978,526.2930613,1
1979,639.7156268,1
1980,628.7114928,1
1981,336.1704955,1
1982,517.5996005,1
1983,575.4998499,1
1984,823.8575903,1
1985,169.5794802,1
1986,319.4341893,1
1987,364.0202354,1
1988,383.6140306,1
1989,497.3246447,1
1990,262.473397,1
1991,490.0695363,1
1992,473.5012731,1
1993,369.1141954,1
1994,374.663457,1
1995,629.7789533,1
1996,158.0567809,1
1997,626.5075303,1
1998,585.4024324,1
1999,650.5348156,1
2000,402.4927909,1
2001,497.7337107,1
2002,689.1095102,1
2003,531.6281372,1
2004,545.2700648,1
2005,680.4066408,1
2006,569.1095521,1
2007,439.9656799,1
2008,310.1541781,1
2009,382.9751195,1
2010,42.42826089,1
2011,357.3370663,1
2012,324.2065569,1
2013,504.8640943,1
2014,650.3880096,1
2015,447.7014115,1
2016,125.2100776,1
2017,592.3019465,1
2018,357.1596797,1
2019,610.2977762,1
2020,575.9773477,1
2021,407.4494839,1
2022,309.6010139,1
2023,648.2141254,1
2024,507.8070977,1
2025,583.3711462,1
2026,519.4018107,1
2027,614.0147534,0
2028,152.1781568,1
2029,575.9533706,1
2030,386.8176737,1
2031,694.2811423,1
2032,564.8597714,1
2033,793.386923,1
2034,114.9114473,1
2035,500.3834684,1
2036,549.3195482,1
2037,361.9599243,1
2038,257.2200764,1
2039,394.960086,1
2040,459.6878297,1
2041,207.4427033,1
2042,169.5486525,1
2043,446.6873255,1
2044,162.3884103,1
2045,254.4841148,1
2046,520.5239444,1
2047,202.4277834,1
2048,364.5549708,1
2049,639.3461632,1
2050,394.8027031,1
2051,604.0091667,1
2052,509.8471183,1
2053,353.0245626,1
2054,539.0561529,1
2055,537.3724221,1
2056,473.4261505,1
2057,605.0318295,1
2058,370.1635297,1
2059,426.6780903,1
2060,564.3130315,1
2061,336.4159183,1
2062,373.3535382,1
2063,822.4641861,1
2064,266.6675072,1
2065,757.996822,1
2066,698.2282544,1
2067,561.1154606,1
2068,574.7221514,1
2069,213.56617,1
2070,537.1547556,1
2071,624.6151417,1
2072,179.1538838,1
2073,644.1632547,1
2074,385.4770691,1
2075,420.4281535,1
2076,350.7318028,1
2077,441.2113463,1
2078,421.7267554,1
2079,322.8957233,1
2080,654.739968,1
2081,621.2006145,1
2082,424.0113439,1
2083,718.8028814,1
2084,188.9184398,2
2085,191.3947943,1
2086,396.1852756,1
2087,33.3005152,2
2088,380.9106144,1
2089,238.8248095,1
2090,355.6778826,2
2091,142.2634409,1
2092,508.5769429,1
2093,283.8797796,2
2094,134.9752712,1
2095,383.6788848,1
2096,308.8510304,1
2097,269.8898936,1
2098,132.8677546,1
2099,385.7418211,1
2100,59.21099353,2
2101,246.30483,2
2102,210.9002957,1
2103,316.6619958,1
2104,162.5158409,2
2105,217.5470961,1
2106,249.7185052,2
2107,427.9050761,2
2108,376.6092902,2
2109,417.3915204,1
2110,290.2589142,2
2111,324.4770071,2
2112,324.7115739,2
2113,117.0819786,1
2114,273.0806497,2
2115,101.0574194,2
2116,331.7116845,1
2117,399.1925494,1
2118,218.0837215,1
2119,369.0479245,1
2120,90.5091244,2
2121,155.6091509,2
2122,421.565042,1
2123,414.3955254,1
2124,327.6627624,2
2125,230.9315917,1
2126,207.9200624,1
2127,564.475069,1
2128,393.4428626,1
2129,261.9056103,1
2130,99.89821146,2
2131,318.2268774,1
2132,229.0036378,1
2133,555.0823698,1
2134,448.1488104,1
2135,141.4217691,2
2136,236.558627,1
2137,146.9323099,2
2138,524.6452744,2
2139,309.7577025,2
2140,524.0966877,1
2141,248.124573,1
2142,211.7696444,2
2143,494.4963622,2
2144,142.4450673,2
2145,399.2524756,1
2146,113.0045418,2
2147,488.3141288,1
2148,504.0142006,2
2149,455.7542443,2
2150,237.0286633,1
2151,239.9255239,1
2152,239.553302,2
2153,179.9580738,1
2154,233.0421869,2
2155,180.1083481,2
2156,203.3304337,2
2157,221.9452804,1
2158,378.6790766,1
2159,103.724955,2
2160,216.3700109,2
2161,235.2688221,1
2162,254.2452235,2
2163,325.8141388,1
2164,136.4451165,2
2165,460.9527692,2
2166,229.1392838,1
2167,384.4912085,2
2168,292.7416884,2
2169,341.0274012,2
2170,330.7372382,2
2171,327.8001233,1
2172,279.0617507,1
2173,477.976578,1
2174,501.7023069,1
2175,237.1376458,2
2176,113.1963019,2
2177,451.7526306,1
2178,263.1218389,1
2179,302.4448397,2
2180,441.5832587,2
2181,198.9137282,2
2182,540.6336389,1
2183,277.8599896,1
2184,223.3501431,2
2185,287.0527189,2
2186,237.7047962,1
2187,229.0136779,1
2188,452.9093063,1
2189,151.3233218,1
2190,220.3223985,2
2191,195.5324579,2
2192,268.8568006,1
2193,214.0900116,1
2194,312.959735,1
2195,251.4020415,1
2196,174.336719,2
2197,50.54393076,2
2198,237.7679491,1
2199,328.6865704,1
2200,494.1166076,2
2201,400.3549548,1
2202,172.6370843,1
2203,284.9363943,1
2204,78.28392863,2
2205,166.7534752,2
2206,411.6543346,1
2207,271.6729167,1
2208,401.756916,2
2209,211.2739819,2
2210,307.6401035,1
2211,352.7030602,1
2212,154.0480919,1
2213,398.8873057,2
2214,391.8920347,1
2215,277.4330385,1
2216,306.6769605,1
2217,265.8022874,2
2218,169.6804939,1
2219,358.0891377,2
2220,314.4570217,2
2221,421.7331809,1
2222,190.038804,1
2223,234.5074141,2
2224,312.1620807,1
2225,343.4625755,2
2226,348.4361513,2
2227,128.2105506,2
2228,232.9794579,1
2229,197.0960467,2
2230,319.2073693,2
2231,368.2266461,1
2232,205.770883,1
2233,356.515184,1
2234,310.2274572,2
2235,387.6367859,2
2236,478.2938593,2
2237,287.5574978,1
2238,308.3105852,1
2239,472.7316997,2
2240,308.4528985,2
2241,265.0282955,2
2242,328.8578271,1
2243,289.7845054,2
2244,310.3836641,1
2245,199.6286261,2
2246,360.9821125,1
2247,212.4659714,2
2248,392.9376343,1
2249,338.3182177,2
2250,123.9992321,2
2251,378.054998,1
2252,305.5378041,1
2253,338.1518073,1
2254,205.1619933,1
2255,190.5952928,1
2256,285.1513323,1
2257,388.6161507,1
2258,295.901634,1
2259,351.0623032,2
2260,204.8968439,2
2261,361.001371,1
2262,273.9105322,1
2263,359.3733689,1
2264,102.5271452,2
2265,189.3861949,2
2266,415.5234216,2
2267,168.0080073,2
2268,368.3498652,1
2269,280.9077387,1
2270,165.7679373,2
2271,260.7027258,1
2272,312.2474792,2
2273,288.5019441,1
2274,299.6884112,1
2275,410.1931524,1
2276,353.3162468,1
2277,205.5576984,1
2278,82.58425354,2
2279,337.8986944,2
2280,323.0842662,1
2281,196.2395688,2
2282,345.1713726,1
2283,125.3854223,2
2284,475.0684151,1
2285,146.437682,2
2286,291.8750758,1
2287,287.3826623,1
2288,183.2881707,1
2289,387.7041778,1
2290,149.0905897,2
2291,370.7257114,1
2292,290.1579693,1
2293,485.7676333,1
2294,225.7501707,2
2295,298.9329235,1
2296,337.1683131,1
2297,388.9075316,1
2298,228.6261669,2
2299,225.4691214,2
2300,294.4805972,2
2301,429.7753326,2
2302,182.5969005,2
2303,202.6794945,1
2304,318.3712087,1
2305,472.8270506,1
2306,157.8366736,1
2307,253.1288964,1
2308,152.1241226,1
2309,305.4111853,2
2310,182.5933927,1
2311,341.3937704,1
2312,310.2903155,1
2313,213.3477258,1
2314,63.8810651,2
2315,276.0219521,1
2316,221.5073061,1
2317,211.5742137,2
2318,202.2750596,2
2319,113.2429423,2
2320,230.6039754,2
2321,242.3442362,1
2322,229.8950038,2
2323,232.1094911,2
2324,200.3689689,1
2325,391.9974976,2
2326,270.7001504,2
2327,229.9967184,1
2328,300.0464562,1
2329,389.2770482,1
2330,382.4475104,2
2331,94.83638914,2
2332,148.6000243,2
2333,347.0014641,1
2334,214.3966173,2
2335,432.2856596,1
2336,312.7783244,1
2337,310.5736856,1
2338,117.9508133,2
2339,227.9213465,2
2340,181.2766717,2
2341,397.5122794,2
2342,237.5811613,2
2343,512.7981562,1
2344,337.4345437,2
2345,511.8133005,2
2346,197.2798814,1
2347,423.6106011,1
2348,110.3878779,2
2349,420.4432466,1
2350,178.4884348,2
2351,219.285608,2
2352,352.6632408,1
2353,403.4058605,2
2354,151.6556492,2
2355,297.5422375,2
2356,408.7656466,1
2357,239.9992136,2
2358,202.3671812,2
2359,369.5166566,1
2360,240.3485172,1
2361,228.5550138,1
2362,273.2258452,1
2363,157.23156,2
2364,252.2071333,1
2365,604.5070255,1
2366,333.7725104,1
2367,154.2142947,2
2368,226.3333563,2
2369,123.0090722,2
2370,315.9626761,1
2371,395.3603624,2
2372,125.402798,1
2373,280.4225423,2
2374,395.8359157,1
2375,121.1713115,2
2376,253.3427056,2
2377,199.7286802,2
2378,321.8926482,2
2379,660.7408784,1
2380,454.2538413,2
2381,392.3446441,2
2382,371.4450546,1
2383,362.7729597,1
2384,258.0827077,1
2385,307.4338106,1
2386,80.41302348,1
2387,249.0398754,2
2388,534.9486851,1
2389,386.6831642,2
2390,313.9386154,1
2391,390.8595095,2
2392,295.840173,2
2393,134.419851,2
2394,293.279377,1
2395,226.8014799,2
2396,394.7340432,1
2397,214.4864841,1
2398,371.1266383,2
2399,348.882106,1
2400,171.7665849,2
2401,134.5738009,1
2402,227.53516,1
2403,147.6438568,2
2404,232.7469513,1
2405,234.8939477,1
2406,257.1642391,2
2407,313.6694484,2
2408,383.2303746,2
2409,299.0780554,2
2410,202.6267128,1
2411,386.5886863,1
2412,440.3495996,1
2413,155.4307182,1
2414,120.4531314,2
2415,295.436742,1
2416,281.2228644,2
2417,551.5153811,2
2418,173.5204717,2
2419,357.8796907,1
2420,364.6968832,1
2421,427.7383999,1
2422,275.2555422,2
2423,306.0008846,2
2424,314.0095405,1
2425,243.3570662,1
2426,340.4198305,2
2427,431.639454,1
2428,204.2015024,2
2429,222.2679321,2
2430,438.0499171,1
2431,330.7214499,1
2432,198.2023948,1
2433,146.0104831,1
2434,58.60616237,1
2435,374.0164828,1
2436,401.7627617,1
2437,353.5931064,2
2438,220.9668632,1
2439,307.5574311,1
2440,221.2443964,1
2441,213.9166367,1
2442,256.8331789,1
2443,333.8542041,1
2444,388.9001804,2
2445,154.5009115,1
2446,154.0738518,2
2447,279.8962161,1
2448,198.4098155,1
2449,354.2548516,2
2450,230.7151112,1
2451,462.8250721,1
2452,187.9975499,2
2453,220.7565745,2
2454,196.704003,1
2455,489.2861375,2
2456,491.6356505,1
2457,276.7616365,1
2458,391.8100874,1
2459,119.1990477,1
2460,356.3908,1
2461,232.6806885,1
2462,317.8999096,1
2463,207.9266335,2
2464,185.4629402,1
2465,457.8302118,1
2466,292.2162809,1
2467,124.5185975,2
2468,222.029858,1
2469,340.6937192,1
2470,543.1903162,2
2471,347.9093042,1
2472,316.7308644,2
2473,123.2432967,1
2474,353.2643799,1
2475,307.0403023,1
2476,233.3046216,1
2477,325.0398462,1
2478,324.9347963,1
2479,341.5126123,1
2480,504.963463,2
2481,351.9163711,2
2482,303.2625051,1
2483,405.0405949,1
2484,265.4715144,2
2485,447.8102687,2
2486,389.8678466,1
2487,282.5756404,1
2488,380.0501478,1
2489,384.2296507,2
2490,415.2976517,1
2491,315.6399377,1
2492,154.6230735,2
2493,234.3122863,1
2494,391.6477421,2
2495,131.6603134,2
2496,373.0797071,1
2497,187.5106786,2
2498,41.25791274,2
2499,300.0131999,1
2500,366.8076668,1
2501,241.718243,2
2502,428.3255136,1
2503,149.8272031,1
2504,229.005858,1
2505,452.6854298,1
2506,407.1059243,2
2507,174.0102389,1
2508,446.5376056,1
2509,177.8432772,2
2510,141.8576504,2
2511,243.0693841,2
2512,551.6942956,1
2513,395.2882154,1
2514,242.3347588,2
2515,300.216075,1
2516,498.753683,1
2517,90.0684089,1
2518,285.1721554,1
2519,434.0131057,1
2520,392.6760855,2
2521,246.180608,2
2522,361.8300249,2
2523,482.0672138,1
2524,150.0014974,1
2525,353.0058607,2
2526,246.3946098,1
2527,385.3761053,2
2528,366.1941157,2
2529,200.6686552,2
2530,306.8523251,2
2531,376.6693967,2
2532,277.5245292,1
2533,467.8355486,1
2534,219.706761,2
2535,333.9906046,2
2536,369.038972,2
2537,324.016216,1
2538,467.5073841,2
2539,282.5455072,1
2540,334.8848036,1
2541,344.7076091,2
2542,243.2881679,1
2543,295.7890923,1
2544,305.9353267,1
2545,518.9331606,2
2546,118.5491515,2
2547,291.1693108,1
2548,292.8884878,1
2549,264.7635801,1
2550,367.1032978,2
2551,234.9921032,2
2552,277.8845645,2
2553,142.5338086,1
2554,282.9302084,1
2555,224.3464243,2
2556,340.4617323,1
2557,463.8359008,1
2558,233.9152983,2
2559,304.1369875,2
2560,313.4486244,2
2561,305.183688,2
2562,301.8983656,1
2563,180.4371522,2
2564,266.1800043,2
2565,239.192256,1
2566,189.8943379,2
2567,85.46473716,2
2568,336.4272882,2
2569,99.46155071,2
2570,90.97617843,2
2571,91.23061465,2
2572,278.7036434,2
2573,181.6017372,2
2574,309.5100205,2
2575,60.314351,2
2576,309.15384,2
2577,41.96154272,2
2578,274.5001956,2
2579,75.3760095,2
2580,47.2290901,2
2581,53.09613876,2
2582,59.29596503,2
2583,383.8188169,2
2584,74.31806364,2
2585,125.0573371,2
2586,311.9003282,2
2587,325.6025726,2
2588,305.287495,2
2589,67.52060402,2
2590,199.8003379,2
2591,83.35904407,2
2592,163.0551128,2
2593,199.7449744,2
2594,37.55328582,2
2595,286.7319678,2
2596,333.0421648,2
2597,395.7230961,2
2598,698.6000489,1
2599,386.3302628,2
2600,679.9211868,2
2601,593.8607723,2
2602,328.6014857,2
2603,506.5980518,2
2604,366.6549693,2
2605,350.8529849,2
2606,335.6331486,2
2607,653.5185957,2
2608,420.54701,2
2609,197.9630978,0
2610,619.7414114,0
,619.7414114,
